name,des,add,phone,email
"Sh. Raghav Sharma, I.A.S.",Deputy Commissioner,Deputy Commissioner Office Una,01975-225800,dc-una-hp[at]nic[dot]in
"Sh. Mahendra Pal Gurjar, I.A.S",Addl. Deputy Commissioner,Deputy Commissioner Office Una,01975-225188,adc-una-hp[at]nic[dot]in
"Sh. Varinder Sharma, H.A.S",AC to DC Una,Deputy Commissioner Office Una,01975-223213,ac-una-hp[at]nic[dot]in
"Sh Vishwa Mohan Dev Chauhan,H.A.S",Sub Divisional Officer (Civil),"Sub Divisional Office (Civil), Una",01975-223621,sdm-una-hp[at]nic[dot]in
"Sh. Vivek Mahajan, H.A.S",Sub Divisional Officer (Civil),"Sub Divisional Office (Civil), Amb",01976-261203,sdm-amb-hp[at]nic[dot]in
"Sh. Vishal Sharma, H.A.S",Sub Divisional Officer (Civil),"Sub Divisional Office (Civil), Haroli",01975-284400,sdm-haroli-hp[at]nic[dot]in
"Sh. Manoj Kumar, H.A.S",Sub Divisional Officer (Civil),"Sub Divisional Office (Civil), Bangana",01976-263060,sdm-bangana-hp[at]nic[dot]in
"Sh. Somil Gautam, H.A.S",Sub Divisional Officer (Civil),"Sub Divisional Office (Civil), Gagret",,sdm-gagret-hp[at]nic[dot]in
"Sh. Arijit Sen, I.P.S.",Superintendent of PoliceÂ ,C/o SP Office Una,01975-225056,sp-una-hp[at]nic[dot]in
